name,status-code,payload-size-bytes,processing-time-seconds,elapsed-time-seconds,action-time-start,action-time-end,action-total-seconds,cycle
sending-context-to-worker-66e8acb0-574e-4392-a8ab-cdcb9fca760a,200,11738398,4.940172433853149,2.390714,1713198367.7649677,1713198373.1585255,5.39356,1
sending-context-to-worker-e773520a-073e-4b2e-8f27-15275cfd8d4e,200,11738547,3.8642807006835938,2.236576,1713198367.7649677,1713198377.0609748,9.29601,1
sending-context-to-worker-66e8acb0-574e-4392-a8ab-cdcb9fca760a,200,11739273,4.255779981613159,2.114352,1713198647.732837,1713198652.3959007,4.66306,2
sending-context-to-worker-e773520a-073e-4b2e-8f27-15275cfd8d4e,200,11738505,3.4332616329193115,1.689344,1713198647.732837,1713198655.8611796,8.12834,2
sending-context-to-worker-66e8acb0-574e-4392-a8ab-cdcb9fca760a,200,11738617,3.7845396995544434,1.955158,1713198847.688607,1713198851.7535243,4.06492,3
sending-context-to-worker-e773520a-073e-4b2e-8f27-15275cfd8d4e,200,11739623,4.233161926269531,2.091759,1713198847.688607,1713198856.0114233,8.32282,3
sending-context-to-worker-66e8acb0-574e-4392-a8ab-cdcb9fca760a,200,11739218,3.8792784214019775,1.661008,1713199087.7480576,1713199091.9212184,4.17316,4
sending-context-to-worker-e773520a-073e-4b2e-8f27-15275cfd8d4e,200,11737744,4.043169736862183,2.020645,1713199087.7480576,1713199095.9952722,8.24721,4
sending-context-to-worker-66e8acb0-574e-4392-a8ab-cdcb9fca760a,200,11738655,4.043318510055542,1.704766,1713199367.7203941,1713199372.008011,4.28762,5
sending-context-to-worker-e773520a-073e-4b2e-8f27-15275cfd8d4e,200,11739042,3.417449951171875,1.687648,1713199367.7203941,1713199375.4503074,7.72991,5
sending-context-to-worker-66e8acb0-574e-4392-a8ab-cdcb9fca760a,200,404,0.41675257682800293,0.411433,1713199527.6467943,1713199528.2675793,0.62078,6
sending-context-to-worker-e773520a-073e-4b2e-8f27-15275cfd8d4e,200,404,0.16329073905944824,0.160519,1713199527.6467943,1713199528.5659943,0.9192,6
