name,status-code,payload-size-bytes,processing-time-seconds,elapsed-time-seconds,action-time-start,action-time-end,action-total-seconds,cycle
sending-context-to-worker-66e8acb0-574e-4392-a8ab-cdcb9fca760a,200,23599099,8.550653219223022,4.381329,1713201192.0506709,1713201200.9418476,8.89118,1
sending-context-to-worker-e773520a-073e-4b2e-8f27-15275cfd8d4e,200,23599950,9.402061462402344,5.098451,1713201192.0506709,1713201210.39195,18.34128,1
sending-context-to-worker-66e8acb0-574e-4392-a8ab-cdcb9fca760a,200,23599043,7.152442932128906,2.978057,1713201552.0510283,1713201559.5699697,7.51894,2
sending-context-to-worker-e773520a-073e-4b2e-8f27-15275cfd8d4e,200,23598790,8.054871559143066,4.034643,1713201552.0510283,1713201567.6520245,15.601,2
sending-context-to-worker-66e8acb0-574e-4392-a8ab-cdcb9fca760a,200,23599693,6.420253276824951,3.376068,1713201872.112638,1713201878.9034736,6.79084,3
sending-context-to-worker-e773520a-073e-4b2e-8f27-15275cfd8d4e,200,23598631,6.957961797714233,3.379002,1713201872.112638,1713201885.8853037,13.77267,3
sending-context-to-worker-66e8acb0-574e-4392-a8ab-cdcb9fca760a,200,23599035,6.416804790496826,3.079499,1713202232.3400497,1713202239.0501845,6.71013,4
sending-context-to-worker-e773520a-073e-4b2e-8f27-15275cfd8d4e,200,23598994,6.652045488357544,3.117988,1713202232.3400497,1713202245.7281418,13.38809,4
sending-context-to-worker-66e8acb0-574e-4392-a8ab-cdcb9fca760a,200,23599905,6.648981332778931,3.339045,1713202592.2882936,1713202599.2201693,6.93188,5
sending-context-to-worker-e773520a-073e-4b2e-8f27-15275cfd8d4e,200,23599315,6.670558214187622,3.030022,1713202592.2882936,1713202605.9159343,13.62764,5
sending-context-to-worker-66e8acb0-574e-4392-a8ab-cdcb9fca760a,200,402,0.1604604721069336,0.158171,1713202871.9185648,1713202872.2960474,0.37748,6
sending-context-to-worker-e773520a-073e-4b2e-8f27-15275cfd8d4e,200,402,0.11677002906799316,0.114251,1713202871.9185648,1713202872.7036636,0.7851,6
